<?xml version="1.0" encoding="UTF-8"?>
<root>
  <item name="de.psdev.licensesdialog.LicensesDialogFragment.Builder de.psdev.licensesdialog.LicensesDialogFragment.Builder setDividerColor(int) 0">
    <annotation name="android.support.annotation.ColorInt" />
  </item>
  <item name="de.psdev.licensesdialog.LicensesDialogFragment.Builder de.psdev.licensesdialog.LicensesDialogFragment.Builder setDividerColorRes(int) 0">
    <annotation name="android.support.annotation.ColorRes" />
  </item>
  <item name="de.psdev.licensesdialog.LicensesDialogFragment.Builder de.psdev.licensesdialog.LicensesDialogFragment.Builder setNotices(int) 0">
    <annotation name="android.support.annotation.RawRes" />
  </item>
  <item name="de.psdev.licensesdialog.LicensesDialogFragment.Builder de.psdev.licensesdialog.LicensesDialogFragment.Builder setThemeResourceId(int) 0">
    <annotation name="android.support.annotation.StyleRes" />
  </item>
</root>

